{"sleep": 33.619641420841205, "clean": 44.809820710420617, "sick": false, "time": 1474154829.266824, "action": null, "learn": 39.619641420841205, "grow": 0, "growtime": 1474153791.2309661, "play": 27.337489945888525, "actiontime": 1474154178.9933939, "food": 73.858924262523644, "sicktime": 0, "dead": false, "name": "name"}